<?xml version="1.0" encoding="UTF-8"?>
<office:document-content xmlns:office="urn:oasis:names:tc:opendocument:xmlns:office:1.0" xmlns:style="urn:oasis:names:tc:opendocument:xmlns:style:1.0" xmlns:text="urn:oasis:names:tc:opendocument:xmlns:text:1.0" xmlns:table="urn:oasis:names:tc:opendocument:xmlns:table:1.0" xmlns:draw="urn:oasis:names:tc:opendocument:xmlns:drawing:1.0" xmlns:fo="urn:oasis:names:tc:opendocument:xmlns:xsl-fo-compatible:1.0" xmlns:xlink="http://www.w3.org/1999/xlink" xmlns:dc="http://purl.org/dc/elements/1.1/" xmlns:meta="urn:oasis:names:tc:opendocument:xmlns:meta:1.0" xmlns:number="urn:oasis:names:tc:opendocument:xmlns:datastyle:1.0" xmlns:svg="urn:oasis:names:tc:opendocument:xmlns:svg-compatible:1.0" xmlns:chart="urn:oasis:names:tc:opendocument:xmlns:chart:1.0" xmlns:dr3d="urn:oasis:names:tc:opendocument:xmlns:dr3d:1.0" xmlns:math="http://www.w3.org/1998/Math/MathML" xmlns:form="urn:oasis:names:tc:opendocument:xmlns:form:1.0" xmlns:script="urn:oasis:names:tc:opendocument:xmlns:script:1.0" xmlns:ooo="http://openoffice.org/2004/office" xmlns:ooow="http://openoffice.org/2004/writer" xmlns:oooc="http://openoffice.org/2004/calc" xmlns:dom="http://www.w3.org/2001/xml-events" xmlns:xforms="http://www.w3.org/2002/xforms" xmlns:xsd="http://www.w3.org/2001/XMLSchema" xmlns:xsi="http://www.w3.org/2001/XMLSchema-instance" xmlns:rpt="http://openoffice.org/2005/report" xmlns:of="urn:oasis:names:tc:opendocument:xmlns:of:1.2" xmlns:rdfa="http://docs.oasis-open.org/opendocument/meta/rdfa#" xmlns:field="urn:openoffice:names:experimental:ooo-ms-interop:xmlns:field:1.0" office:version="1.2"><office:scripts/><office:font-face-decls><style:font-face style:name="Liberation Serif" svg:font-family="&apos;Liberation Serif&apos;" style:font-family-generic="roman" style:font-pitch="variable"/><style:font-face style:name="Liberation Sans" svg:font-family="&apos;Liberation Sans&apos;" style:font-family-generic="swiss" style:font-pitch="variable"/><style:font-face style:name="Luxi Sans" svg:font-family="&apos;Luxi Sans&apos;" style:font-family-generic="swiss" style:font-pitch="variable"/><style:font-face style:name="DejaVu LGC Sans" svg:font-family="&apos;DejaVu LGC Sans&apos;" style:font-family-generic="system" style:font-pitch="variable"/></office:font-face-decls><office:automatic-styles><style:style style:name="P1" style:family="paragraph" style:parent-style-name="Standard"><style:paragraph-properties fo:text-align="center" style:justify-single-word="false"/><style:text-properties style:font-name="Luxi Sans" fo:font-size="16pt" style:font-size-asian="16pt" style:font-size-complex="16pt"/></style:style><style:style style:name="P2" style:family="paragraph" style:parent-style-name="Standard"><style:paragraph-properties fo:text-align="start" style:justify-single-word="false"/><style:text-properties style:font-name="Luxi Sans" fo:font-size="16pt" style:font-size-asian="16pt" style:font-size-complex="16pt"/></style:style><style:style style:name="P3" style:family="paragraph" style:parent-style-name="Standard"><style:paragraph-properties fo:text-align="start" style:justify-single-word="false"/><style:text-properties style:font-name="Luxi Sans" fo:font-size="16pt" style:text-underline-style="solid" style:text-underline-width="auto" style:text-underline-color="font-color" style:font-size-asian="16pt" style:font-size-complex="16pt"/></style:style><style:style style:name="P4" style:family="paragraph" style:parent-style-name="Standard"><style:paragraph-properties fo:text-align="start" style:justify-single-word="false"/><style:text-properties fo:color="#008080" style:font-name="Luxi Sans" fo:font-size="16pt" style:font-size-asian="16pt" style:font-size-complex="16pt"/></style:style><style:style style:name="P5" style:family="paragraph" style:parent-style-name="Standard"><style:paragraph-properties fo:text-align="start" style:justify-single-word="false"/><style:text-properties fo:color="#008000" style:font-name="Luxi Sans" fo:font-size="16pt" style:font-size-asian="16pt" style:font-size-complex="16pt"/></style:style></office:automatic-styles><office:body><office:text><text:sequence-decls><text:sequence-decl text:display-outline-level="0" text:name="Illustration"/><text:sequence-decl text:display-outline-level="0" text:name="Table"/><text:sequence-decl text:display-outline-level="0" text:name="Text"/><text:sequence-decl text:display-outline-level="0" text:name="Drawing"/></text:sequence-decls><text:p text:style-name="P1">CMSA Semester-3</text:p><text:p text:style-name="P1">Linux Practical</text:p><text:p text:style-name="P1">Date: 26/09/2016</text:p><text:p text:style-name="P3">Programming in Perl:</text:p><text:p text:style-name="P2"/><text:p text:style-name="P4">Problem-1: Write a program in Perl to implement Bubble Sort Routine to sort a list in ascending order. Use Subroutine.</text:p><text:p text:style-name="P4"/><text:p text:style-name="P5">Problem-2: Write a program in Perl to implement Bubble Sort Routine to sort a list of names in alphabetical <text:s/>order. Use Subroutine.</text:p><text:p text:style-name="P5"/><text:p text:style-name="P5">Problem-3: Write a program to implement Binary Search Algorithm to search a number in a list. Use subroutine.</text:p><text:p text:style-name="P5"/><text:p text:style-name="P5">Problem-4: Write a program in Perl to copy the content of one file to another file.</text:p><text:p text:style-name="P5"/><text:p text:style-name="P2">Problem-5: Write a program in Perl to copy the content of one or more files to one output File. Use command Line arguments.</text:p><text:p text:style-name="P2"/><text:p text:style-name="P2">Problem-6: Write a program in Perl to split one file to two output files.</text:p><text:p text:style-name="P2"/><text:p text:style-name="P2"/><text:p text:style-name="P2"/></office:text></office:body></office:document-content>