<?xml version="1.0" encoding="UTF-8"?>
<office:document-meta xmlns:office="urn:oasis:names:tc:opendocument:xmlns:office:1.0" xmlns:xlink="http://www.w3.org/1999/xlink" xmlns:dc="http://purl.org/dc/elements/1.1/" xmlns:meta="urn:oasis:names:tc:opendocument:xmlns:meta:1.0" xmlns:ooo="http://openoffice.org/2004/office" office:version="1.2"><office:meta><meta:initial-creator>cmsa_3 </meta:initial-creator><meta:creation-date>2016-09-26T10:01:47</meta:creation-date><meta:generator>OpenOffice.org/3.1$Linux OpenOffice.org_project/310m19$Build-9420</meta:generator><dc:date>2016-09-26T12:48:43</dc:date><dc:creator>cmsa_3 </dc:creator><meta:editing-duration>PT02H46M57S</meta:editing-duration><meta:editing-cycles>6</meta:editing-cycles><meta:document-statistic meta:table-count="0" meta:image-count="0" meta:object-count="0" meta:page-count="1" meta:paragraph-count="10" meta:word-count="122" meta:character-count="703"/></office:meta></office:document-meta>